{"cameraMode":{"drawMode":0,"name":"Shaded","section":"Shading Mode"},"sceneLighting":false,"audioPlay":false,"sceneViewState":{"showFog":true,"showMaterialUpdate":false,"showSkybox":true,"showFlares":true,"showImageEffects":true,"showParticleSystems":true},"in2DMode":false,"pivot":{"x":47.352806091308597,"y":3.998354196548462,"z":52.21928405761719},"rotation":{"x":-0.001579292700625956,"y":-0.8502137064933777,"z":-0.0025506496895104648,"w":0.5264295935630798},"size":3.1433236598968508,"orthographic":false}