{"cameraMode":{"drawMode":0,"name":"Shaded","section":"Shading Mode"},"sceneLighting":false,"audioPlay":false,"sceneViewState":{"showFog":true,"showMaterialUpdate":false,"showSkybox":false,"showFlares":true,"showImageEffects":true,"showParticleSystems":true},"in2DMode":false,"pivot":{"x":93.93240356445313,"y":1.9424244165420533,"z":32.92987060546875},"rotation":{"x":0.040821924805641177,"y":-0.8492075204849243,"z":0.06637267023324967,"w":0.5222882628440857},"size":4.523174285888672,"orthographic":false}