{"cameraMode":{"drawMode":0,"name":"Shaded","section":"Shading Mode"},"sceneLighting":false,"audioPlay":false,"sceneViewState":{"showFog":true,"showMaterialUpdate":false,"showSkybox":false,"showFlares":true,"showImageEffects":true,"showParticleSystems":true},"in2DMode":false,"pivot":{"x":38.83322525024414,"y":5.759560585021973,"z":-43.570030212402347},"rotation":{"x":0.5622586607933044,"y":-0.03965766727924347,"z":0.027009235695004464,"w":0.8255688548088074},"size":0.35468006134033205,"orthographic":false}